<?xml version="1.0" encoding="ISO-8859-1"?>
<DocTXB cnpjInstituicao= "09516419" dataBase="2023-11-17" indRemessa = "I" nmContato = "EDUARDO CHEDID SIMÃES" telContato = "">
  <referencia dataRef="2023-11-13">
    <diario>
      <crdLivre>
        <pesFisica>
          <pre>
            <crdPesNaoConsignado txMedJuros="66.81" txMedEncFiscais="0.61" txMedEncOperacionais="0.00" vlrConcessoes="16691" przDecMedConcessoes="1394" sldCarAtiva="222214" />
          </pre>
        </pesFisica>
      </crdLivre>
    </diario>
  </referencia>
  <referencia dataRef="2023-11-14">
    <diario>
      <crdLivre>
        <pesFisica>
          <pre>
            <crdPesNaoConsignado txMedJuros="64.93" txMedEncFiscais="0.61" txMedEncOperacionais="0.00" vlrConcessoes="7806" przDecMedConcessoes="1408" sldCarAtiva="229800" />
          </pre>
        </pesFisica>
      </crdLivre>
    </diario>
  </referencia>
  <referencia dataRef="2023-11-16">
    <diario>
      <crdLivre>
        <pesFisica>
          <pre>
            <crdPesNaoConsignado txMedJuros="66.22" txMedEncFiscais="0.63" txMedEncOperacionais="0.00" vlrConcessoes="11813" przDecMedConcessoes="1340" sldCarAtiva="241133" />
          </pre>
        </pesFisica>
      </crdLivre>
    </diario>
  </referencia>
  <referencia dataRef="2023-11-17">
    <diario>
      <crdLivre>
        <pesFisica>
          <pre>
            <crdPesNaoConsignado txMedJuros="59.63" txMedEncFiscais="0.60" txMedEncOperacionais="0.00" vlrConcessoes="6179" przDecMedConcessoes="1450" sldCarAtiva="246963" />
          </pre>
        </pesFisica>
      </crdLivre>
    </diario>
  </referencia>
</DocTXB> 