<?xml version="1.0" encoding="ISO-8859-1"?>
<Doc3040 DtBase="2023-10" CNPJ="09516419" Remessa="1" Parte="1" TpArq="F" NomeResp="EDUARDO CHEDID SIMÕES" EmailResp="EDUARDO.CHEDID@PICPAY.COM" TelResp="" TotalCli="1769491">
  <Cli Tp="1" Cd="00000137650" Autorzc="N" PorteCli="1" IniRelactCli="2023-10-10" FatAnual="2020.00" ClassCli="A">
    <Op IPOC="095164190203100000137650000000100138297" Contrt="000000100138297" NatuOp="01" Mod="0203" Cosif="1612000" OrigemRec="0199" Indx="11" PercIndx="0.0000" VarCamb="790" DtVencOp="2030-04-01" ClassOp="A" CEP="05317020" TaxEft="26.68" DtContr="2023-10-10" ProvConsttd="0.57" VlrContr="112.43" DtaProxParcela="2024-04-01" VlrProxParcela="54.87" QtdParcelas="7">
      <Venc v140="49.62" v160="27.33" v165="15.06" v170="11.06" v175="6.07" v180="4.85"/>
      <Gar Tp="0889" VlrOrig="182.67"/>
    </Op>
  </Cli>
  <Cli Tp="1" Cd="00000181200" Autorzc="N" PorteCli="1" IniRelactCli="2023-10-26" FatAnual="0.01" ClassCli="A">
    <Op IPOC="095164190203100000181200000000100389529" Contrt="000000100389529" NatuOp="01" Mod="0203" Cosif="1612000" OrigemRec="0199" Indx="11" PercIndx="0.0000" VarCamb="790" DtVencOp="2024-01-26" ClassOp="A" CEP="05317020" TaxEft="82.48" DtContr="2023-10-26" ProvConsttd="10.17" VlrContr="2017.76" DtaProxParcela="2023-11-26" VlrProxParcela="742.88" QtdParcelas="3">
      <Venc v110="711.98" v120="677.91" v130="644.43"/>
    </Op>
  </Cli>
  <Cli Tp="1" Cd="00000238090" Autorzc="N" PorteCli="1" IniRelactCli="2023-10-20" FatAnual="0.01" ClassCli="A">
    <Op IPOC="095164190203100000238090000000100315542" Contrt="000000100315542" NatuOp="01" Mod="0203" Cosif="1612000" OrigemRec="0199" Indx="11" PercIndx="0.0000" VarCamb="790" DtVencOp="2030-03-01" ClassOp="A" CEP="05317020" TaxEft="26.68" DtContr="2023-10-20" ProvConsttd="4.12" VlrContr="817.81" DtaProxParcela="2024-03-01" VlrProxParcela="396.84" QtdParcelas="7">
      <Venc v140="366.28" v160="201.75" v165="111.11" v170="64.82" v175="43.78" v180="35.99"/>
      <Gar Tp="0889" VlrOrig="1276.40"/>
    </Op>
  </Cli>
  <Cli Tp="1" Cd="00000468096" Autorzc="N" PorteCli="1" IniRelactCli="2023-10-05" FatAnual="0.01" ClassCli="A">
    <Op IPOC="095164190203100000468096000000100065301" Contrt="000000100065301" NatuOp="01" Mod="0203" Cosif="1612000" OrigemRec="0199" Indx="11" PercIndx="0.0000" VarCamb="790" DtVencOp="2024-02-05" ClassOp="A" CEP="05317020" TaxEft="262.92" DtContr="2023-10-05" ProvConsttd="2.07" VlrContr="378.90" DtaProxParcela="2023-11-05" VlrProxParcela="123.02" QtdParcelas="4">
      <Venc v110="120.89" v120="108.84" v130="97.65" v140="87.61"/>
    </Op>
  </Cli>
  <Cli Tp="1" Cd="00000735124" Autorzc="N" PorteCli="1" IniRelactCli="2023-10-23" FatAnual="0.01" ClassCli="A">
    <Op IPOC="095164190203100000735124000000100329434" Contrt="000000100329434" NatuOp="01" Mod="0203" Cosif="1612000" OrigemRec="0199" Indx="11" PercIndx="0.0000" VarCamb="790" DtVencOp="2024-01-23" ClassOp="A" CEP="05317020" TaxEft="288.76" DtContr="2023-10-23" ProvConsttd="1.56" VlrContr="302.70" DtaProxParcela="2023-11-23" VlrProxParcela="125.98" QtdParcelas="3">
      <Venc v110="115.73" v120="103.61" v130="92.42"/>
    </Op>
  </Cli>
  <Cli Tp="1" Cd="00000816710" Autorzc="N" PorteCli="1" IniRelactCli="2023-10-16" FatAnual="0.01" ClassCli="A">
    <Op IPOC="095164190203100000816710000000100237644" Contrt="000000100237644" NatuOp="01" Mod="0203" Cosif="1612000" OrigemRec="0199" Indx="11" PercIndx="0.0000" VarCamb="790" DtVencOp="2030-03-01" ClassOp="A" CEP="05317020" TaxEft="26.68" DtContr="2023-10-16" ProvConsttd="1.13" VlrContr="224.54" DtaProxParcela="2024-03-01" VlrProxParcela="71.35" QtdParcelas="7">
      <Venc v140="65.86" v160="49.22" v165="36.79" v170="27.50" v175="20.55" v180="26.84"/>
      <Gar Tp="0889" VlrOrig="430.46"/>
    </Op>
  </Cli>
  <Cli Tp="1" Cd="00001080148" Autorzc="N" PorteCli="1" IniRelactCli="2023-10-24" FatAnual="0.01" ClassCli="A">
    <Op IPOC="095164190203100001080148000000100371024" Contrt="000000100371024" NatuOp="01" Mod="0203" Cosif="1612000" OrigemRec="0199" Indx="11" PercIndx="0.0000" VarCamb="790" DtVencOp="2030-07-01" ClassOp="A" CEP="05317020" TaxEft="26.68" DtContr="2023-10-24" ProvConsttd="1.40" VlrContr="277.86" DtaProxParcela="2024-07-01" VlrProxParcela="131.65" QtdParcelas="7">
      <Venc v150="112.16" v160="82.36" v165="46.90" v170="19.79" v175="7.78" v180="10.14"/>
      <Gar Tp="0889" VlrOrig="457.52"/>
    </Op>
  </Cli>
  <Cli Tp="1" Cd="00001166107" Autorzc="N" PorteCli="1" IniRelactCli="2023-10-18" FatAnual="3250.00" ClassCli="A">
    <Op IPOC="095164190203100001166107000000100277190" Contrt="000000100277190" NatuOp="01" Mod="0203" Cosif="1612000" OrigemRec="0199" Indx="11" PercIndx="0.0000" VarCamb="790" DtVencOp="2030-09-01" ClassOp="A" CEP="05317020" TaxEft="26.68" DtContr="2023-10-18" ProvConsttd="1.15" VlrContr="228.25" DtaProxParcela="2024-09-01" VlrProxParcela="125.38" QtdParcelas="7">
      <Venc v150="102.55" v160="56.49" v165="31.11" v170="17.14" v175="12.58" v180="10.34"/>
      <Gar Tp="0889" VlrOrig="402.89"/>
    </Op>
  </Cli>
  <Cli Tp="1" Cd="00001892517" Autorzc="N" PorteCli="1" IniRelactCli="2023-10-16" FatAnual="2381.00" ClassCli="A">
    <Op IPOC="095164190203100001892517000000100221914" Contrt="000000100221914" NatuOp="01" Mod="0203" Cosif="1612000" OrigemRec="0199" Indx="11" PercIndx="0.0000" VarCamb="790" DtVencOp="2030-01-01" ClassOp="A" CEP="05317020" TaxEft="26.68" DtContr="2023-10-16" ProvConsttd="0.82" VlrContr="163.34" DtaProxParcela="2024-01-01" VlrProxParcela="59.20" QtdParcelas="7">
      <Venc v130="56.84" v160="35.75" v165="33.76" v170="18.59" v175="10.24" v180="9.78"/>
      <Gar Tp="0889" VlrOrig="268.71"/>
    </Op>
  </Cli>
  <Cli Tp="1" Cd="00002033356" Autorzc="N" PorteCli="1" IniRelactCli="2023-10-20" FatAnual="0.01" ClassCli="A">
    <Op IPOC="095164190203100002033356000000100319090" Contrt="000000100319090" NatuOp="01" Mod="0203" Cosif="1612000" OrigemRec="0199" Indx="11" PercIndx="0.0000" VarCamb="790" DtVencOp="2030-09-01" ClassOp="A" CEP="05317020" TaxEft="26.68" DtContr="2023-10-20" ProvConsttd="0.93" VlrContr="183.95" DtaProxParcela="2024-09-01" VlrProxParcela="87.61" QtdParcelas="7">
      <Venc v150="71.66" v160="39.47" v165="28.99" v170="17.11" v175="6.73" v180="21.33"/>
      <Gar Tp="0889" VlrOrig="363.75"/>
    </Op>
  </Cli>
  <Cli Tp="1" Cd="00002114275" Autorzc="N" PorteCli="1" IniRelactCli="2023-10-24" FatAnual="0.01" ClassCli="A">
    <Op IPOC="095164190203100002114275000000100357089" Contrt="000000100357089" NatuOp="01" Mod="0203" Cosif="1612000" OrigemRec="0199" Indx="11" PercIndx="0.0000" VarCamb="790" DtVencOp="2029-08-01" ClassOp="A" CEP="05317020" TaxEft="26.68" DtContr="2023-10-24" ProvConsttd="0.62" VlrContr="123.05" DtaProxParcela="2024-08-01" VlrProxParcela="63.81" QtdParcelas="6">
      <Venc v150="53.27" v160="29.33" v165="21.55" v170="12.26" v175="5.17" v180="2.04"/>
      <Gar Tp="0889" VlrOrig="204.58"/>
    </Op>
  </Cli>
  <Cli Tp="1" Cd="00002347024" Autorzc="N" PorteCli="1" IniRelactCli="2023-10-16" FatAnual="0.01" ClassCli="A">
    <Op IPOC="095164190203100002347024000000100196656" Contrt="000000100196656" NatuOp="01" Mod="0203" Cosif="1612000" OrigemRec="0199" Indx="11" PercIndx="0.0000" VarCamb="790" DtVencOp="2024-04-16" ClassOp="A" CEP="05317020" TaxEft="99.86" DtContr="2023-10-16" ProvConsttd="7.82" VlrContr="1519.49" DtaProxParcela="2023-11-16" VlrProxParcela="308.42" QtdParcelas="6">
      <Venc v110="299.25" v120="282.78" v130="266.71" v140="714.37"/>
    </Op>
  </Cli>
  <Cli Tp="1" Cd="00002556960" Autorzc="N" PorteCli="1" IniRelactCli="2023-10-18" FatAnual="0.01" ClassCli="A">
    <Op IPOC="095164190203100002556960000000100271793" Contrt="000000100271793" NatuOp="01" Mod="0203" Cosif="1612000" OrigemRec="0199" Indx="11" PercIndx="0.0000" VarCamb="790" DtVencOp="2030-04-01" ClassOp="A" CEP="05317020" TaxEft="26.68" DtContr="2023-10-18" ProvConsttd="0.68" VlrContr="135.37" DtaProxParcela="2024-04-01" VlrProxParcela="67.31" QtdParcelas="7">
      <Venc v140="60.88" v160="33.53" v165="18.47" v170="10.17" v175="7.46" v180="6.02"/>
      <Gar Tp="0889" VlrOrig="215.71"/>
    </Op>
  </Cli>
  <Cli Tp="1" Cd="00002636212" Autorzc="N" PorteCli="1" IniRelactCli="2023-10-05" FatAnual="0.01" ClassCli="A">
    <Op IPOC="095164190203100002636212000000100065742" Contrt="000000100065742" NatuOp="01" Mod="0203" Cosif="1612000" OrigemRec="0199" Indx="11" PercIndx="0.0000" VarCamb="790" DtVencOp="2031-07-01" ClassOp="A" CEP="05317020" TaxEft="26.68" DtContr="2023-10-05" ProvConsttd="1.22" VlrContr="240.04" DtaProxParcela="2024-07-01" VlrProxParcela="108.12" QtdParcelas="8">
      <Venc v150="92.11" v160="63.13" v165="34.77" v170="19.15" v175="14.06" v180="20.95"/>
      <Gar Tp="0889" VlrOrig="465.00"/>
    </Op>
  </Cli>
  <Cli Tp="1" Cd="00003008290" Autorzc="N" PorteCli="1" IniRelactCli="2023-10-23" FatAnual="0.01" ClassCli="A">
    <Op IPOC="095164190203100003008290000000100352970" Contrt="000000100352970" NatuOp="01" Mod="0203" Cosif="1612000" OrigemRec="0199" Indx="11" PercIndx="0.0000" VarCamb="790" DtVencOp="2024-02-23" ClassOp="A" CEP="05317020" TaxEft="313.19" DtContr="2023-10-23" ProvConsttd="1.56" VlrContr="303.13" DtaProxParcela="2023-11-23" VlrProxParcela="100.96" QtdParcelas="4">
      <Venc v110="92.40" v120="82.32" v130="73.06" v140="64.84"/>
    </Op>
  </Cli>
  <Cli Tp="1" Cd="00003499251" Autorzc="N" PorteCli="1" IniRelactCli="2023-10-19" FatAnual="2600.00" ClassCli="A">
    <Op IPOC="095164190203100003499251000000100297683" Contrt="000000100297683" NatuOp="01" Mod="0203" Cosif="1612000" OrigemRec="0199" Indx="11" PercIndx="0.0000" VarCamb="790" DtVencOp="2030-05-01" ClassOp="A" CEP="05317020" TaxEft="26.68" DtContr="2023-10-19" ProvConsttd="0.57" VlrContr="112.88" DtaProxParcela="2024-05-01" VlrProxParcela="57.15" QtdParcelas="7">
      <Venc v150="50.68" v160="27.92" v165="15.38" v170="8.47" v175="6.22" v180="5.11"/>
      <Gar Tp="0889" VlrOrig="183.65"/>
    </Op>
  </Cli>
  <Cli Tp="1" Cd="00003710254" Autorzc="N" PorteCli="1" IniRelactCli="2023-10-02" FatAnual="1923.70" ClassCli="A">
    <Op IPOC="095164190203100003710254000000100020507" Contrt="000000100020507" NatuOp="01" Mod="0203" Cosif="1612000" OrigemRec="0199" Indx="11" PercIndx="0.0000" VarCamb="790" DtVencOp="2024-02-09" ClassOp="A" CEP="05317020" TaxEft="265.28" DtContr="2023-10-02" ProvConsttd="2.24" VlrContr="404.47" DtaProxParcela="2023-11-09" VlrProxParcela="135.33" QtdParcelas="4">
      <Venc v110="131.05" v120="117.74" v130="105.41" v140="94.37"/>
    </Op>
  </Cli>
  <Cli Tp="1" Cd="00003737373" Autorzc="N" PorteCli="1" IniRelactCli="2023-10-18" FatAnual="0.01" ClassCli="A">
    <Op IPOC="095164190203100003737373000000100275296" Contrt="000000100275296" NatuOp="01" Mod="0203" Cosif="1612000" OrigemRec="0199" Indx="11" PercIndx="0.0000" VarCamb="790" DtVencOp="2029-12-01" ClassOp="A" CEP="05317020" TaxEft="26.68" DtContr="2023-10-18" ProvConsttd="3.43" VlrContr="679.98" DtaProxParcela="2023-12-01" VlrProxParcela="306.33" QtdParcelas="7">
      <Venc v120="300.16" v160="165.21" v165="94.99" v170="65.57" v175="38.69" v180="21.19"/>
      <Gar Tp="0889" VlrOrig="995.33"/>
    </Op>
  </Cli>
  <Cli Tp="1" Cd="00003769062" Autorzc="N" PorteCli="1" IniRelactCli="2023-10-30" FatAnual="0.01" ClassCli="A">
    <Op IPOC="095164190203100003769062000000100410165" Contrt="000000100410165" NatuOp="01" Mod="0203" Cosif="1612000" OrigemRec="0199" Indx="11" PercIndx="0.0000" VarCamb="790" DtVencOp="2029-12-01" ClassOp="A" CEP="05317020" TaxEft="26.68" DtContr="2023-10-30" ProvConsttd="3.22" VlrContr="643.08" DtaProxParcela="2023-12-01" VlrProxParcela="236.44" QtdParcelas="7">
      <Venc v120="231.67" v160="182.85" v165="100.71" v170="55.47" v175="40.07" v180="32.72"/>
      <Gar Tp="0889" VlrOrig="983.26"/>
    </Op>
  </Cli>
  <Cli Tp="1" Cd="00004102762" Autorzc="N" PorteCli="1" IniRelactCli="2023-10-30" FatAnual="0.01" ClassCli="A">
    <Op IPOC="095164190203100004102762000000100439483" Contrt="000000100439483" NatuOp="01" Mod="0203" Cosif="1612000" OrigemRec="0199" Indx="11" PercIndx="0.0000" VarCamb="790" DtVencOp="2029-12-01" ClassOp="A" CEP="05317020" TaxEft="26.68" DtContr="2023-10-30" ProvConsttd="2.63" VlrContr="526.11" DtaProxParcela="2023-12-01" VlrProxParcela="234.95" QtdParcelas="7">
      <Venc v120="230.21" v160="126.72" v165="73.94" v170="49.95" v175="29.48" v180="16.15"/>
      <Gar Tp="0889" VlrOrig="763.54"/>
    </Op>
  </Cli>
  <Cli Tp="1" Cd="00004107489" Autorzc="N" PorteCli="1" IniRelactCli="2023-10-17" FatAnual="0.01" ClassCli="A">
    <Op IPOC="095164190203100004107489000000100253319" Contrt="000000100253319" NatuOp="01" Mod="0203" Cosif="1612000" OrigemRec="0199" Indx="11" PercIndx="0.0000" VarCamb="790" DtVencOp="2024-10-20" ClassOp="A" CEP="05317020" TaxEft="99.86" DtContr="2023-10-17" ProvConsttd="25.61" VlrContr="4987.45" DtaProxParcela="2023-11-20" VlrProxParcela="597.51" QtdParcelas="12">
      <Venc v110="575.21" v120="543.31" v130="512.20" v140="1370.65" v150="2120.67"/>
    </Op>
  </Cli>
  <Cli Tp="1" Cd="00004215290" Autorzc="N" PorteCli="1" IniRelactCli="2023-10-02" FatAnual="0.01" ClassCli="A">
    <Op IPOC="095164190203100004215290000000100023404" Contrt="000000100023404" NatuOp="01" Mod="0203" Cosif="1612000" OrigemRec="0199" Indx="11" PercIndx="0.0000" VarCamb="790" DtVencOp="2024-08-02" ClassOp="A" CEP="05317020" TaxEft="156.61" DtContr="2023-10-02" ProvConsttd="4.06" VlrContr="875.59" DtaProxParcela="2023-12-02" VlrProxParcela="131.49" QtdParcelas="10">
      <Venc v120="121.10" v130="111.81" v140="287.53" v150="292.16"/>
    </Op>
  </Cli>
  <Cli Tp="1" Cd="00004257618" Autorzc="N" PorteCli="1" IniRelactCli="2023-10-30" FatAnual="3500.00" ClassCli="A">
    <Op IPOC="095164190203100004257618000000100423358" Contrt="000000100423358" NatuOp="01" Mod="0203" Cosif="1612000" OrigemRec="0199" Indx="11" PercIndx="0.0000" VarCamb="790" DtVencOp="2030-03-01" ClassOp="A" CEP="05317020" TaxEft="26.68" DtContr="2023-10-30" ProvConsttd="0.57" VlrContr="113.90" DtaProxParcela="2024-03-01" VlrProxParcela="35.04" QtdParcelas="7">
      <Venc v140="32.34" v160="28.85" v165="18.15" v170="17.14" v175="9.44" v180="8.06"/>
      <Gar Tp="0889" VlrOrig="203.10"/>
    </Op>
  </Cli>
</Doc3040>